<?xml version="1.0" ?>
<LOG_ROOT>
	<PROJECT NAME="TP5">
		<CBX_INST_ENTRY INSTANCE_NAME="|TP5|lpm_compare1:inst27|lpm_compare:LPM_COMPARE_component" CBX_FILE_NAME="cmpr_g7j.tdf"/>
		<CBX_INST_ENTRY INSTANCE_NAME="|TP5|lpm_counter0:inst18|lpm_counter:LPM_COUNTER_component" CBX_FILE_NAME="cntr_ogm.tdf"/>
		<CBX_INST_ENTRY INSTANCE_NAME="|TP5|lpm_counter1:inst17|lpm_counter:LPM_COUNTER_component" CBX_FILE_NAME="cntr_lsk.tdf"/>
		<CBX_INST_ENTRY INSTANCE_NAME="|TP5|lpm_counter1:inst19|lpm_counter:LPM_COUNTER_component" CBX_FILE_NAME="cntr_lsk.tdf"/>
		<CBX_INST_ENTRY INSTANCE_NAME="|TP5|lpm_compare1:inst26|lpm_compare:LPM_COMPARE_component" CBX_FILE_NAME="cmpr_g7j.tdf"/>
		<CBX_INST_ENTRY INSTANCE_NAME="|TP5|lpm_compare2:inst1|lpm_compare:LPM_COMPARE_component" CBX_FILE_NAME="cmpr_g7j.tdf"/>
		<CBX_INST_ENTRY INSTANCE_NAME="|TP5|lpm_counter0:inst20|lpm_counter:LPM_COUNTER_component" CBX_FILE_NAME="cntr_ogm.tdf"/>
	</PROJECT>
</LOG_ROOT>
